معرّف المنتج في 1688,الاسم في المتجر,الاسم بالإنجليزي,القسم,سبب الاستبعاد,الكلمة التي طابقت,رابط 1688
1016383761279,مطاط كلوروبين SN-244X-3 مقاوم للزيت والظروف الجوية مع قوة التصاق عالية,Chloroprene Rubber SN-244X-3 Oil-Resistant Weather-Resistant with High Adhesion Strength,橡塑,مواد كيميائية,氯丁橡胶,https://detail.1688.com/offer/1016383761279.html
1067558813052,طعام كلاب طري باللحم الطازج لجميع الأعمار والأحجام الصغيرة,Fresh Meat Soft Dog Food for All Ages and Small Breeds,宠物及园艺,طعام حيوانات,狗粮,https://detail.1688.com/offer/1067558813052.html
1069210164195,طعام كلاب شايبين 10، 20، 40 كجم - مناسب للجراء والكلاب البالغة,Shiba Inu Dog Food 10kg 20kg 40kg - Suitable for Puppies and Adult Dogs,宠物及园艺,طعام حيوانات,狗粮,https://detail.1688.com/offer/1069210164195.html
1079563425485,وجبة خفيفة مجففة بالتجميد من لحم صدر الدجاج للقطط,Freeze-Dried Chicken Breast Cat Treats,宠物及园艺,طعام,零食,https://detail.1688.com/offer/1079563425485.html
1079564513446,وجبة خفيفة مجففة بالتجميد من لحم صدر الدجاج للقطط,Freeze-Dried Chicken Breast Cat Treats,宠物及园艺,طعام,零食,https://detail.1688.com/offer/1079564513446.html
1079569869138,وجبات مجففة من صدور الدجاج للقطط والكلاب,Freeze-Dried Chicken Breast Bites for Cats and Dogs,宠物及园艺,طعام,零食,https://detail.1688.com/offer/1079569869138.html
608427454233,مطاط نيتريل NBR3305E من لانزهوا,Lanzhou Nitrile Rubber NBR3305E,橡塑,مواد كيميائية,合成橡胶,https://detail.1688.com/offer/608427454233.html
608578471121,مطاط ستايرين بوتادين SBR1502,Styrene Butadiene Rubber SBR1502,橡塑,مواد كيميائية,合成橡胶,https://detail.1688.com/offer/608578471121.html
608606143123,مطاط ستيرين بوتادين SBR1502 صناعي,Styrene-Butadiene Rubber SBR1502 Synthetic Rubber,橡塑,مواد كيميائية,合成橡胶,https://detail.1688.com/offer/608606143123.html
608732859269,مطاط نيتريل N220S من ENEOS اليابانية,ENEOS Nitrile Rubber N220S Synthetic Rubber,橡塑,مواد كيميائية,合成橡胶,https://detail.1688.com/offer/608732859269.html
617194372664,مطاط ستيرين بوتادين مشحون SBR1712 صناعي,SBR1712 Oil-Extended Styrene-Butadiene Rubber Synthetic Rubber,橡塑,مواد كيميائية,合成橡胶,https://detail.1688.com/offer/617194372664.html
617487649090,مطاط ستايرين بوتادين SBR1502E 1502 مطاط صناعي,Styrene Butadiene Rubber SBR1502E 1502 Synthetic Rubber,橡塑,مواد كيميائية,合成橡胶,https://detail.1688.com/offer/617487649090.html
623630416226,مطاط كلوروبوتادين CR322 صناعي,CR322 Chloroprene Rubber Synthetic,橡塑,مواد كيميائية,合成橡胶,https://detail.1688.com/offer/623630416226.html
624216226948,مطاط كلوروبوتادين SN244X صناعي,Chloroprene Rubber SN244X Synthetic,橡塑,مواد كيميائية,氯丁橡胶,https://detail.1688.com/offer/624216226948.html
624503299294,مطاط كلوروبين المطاط الصناعي SN23 SN232,Synthetic Chloroprene Rubber SN23 SN232,橡塑,مواد كيميائية,氯丁橡胶,https://detail.1688.com/offer/624503299294.html
669107704800,مطاط كلوروبوتادين SN322 مقاوم للزيت ومقاوم للحريق,SN322 Chloroprene Rubber Synthetic Rubber Oil Resistant Flame Retardant,橡塑,مواد كيميائية,氯丁橡胶,https://detail.1688.com/offer/669107704800.html
709370177968,مطاط كلوروبين المطاطي SN242A للمواد اللاصقة,Chloroprene Rubber SN242A for Adhesive Production,橡塑,مواد كيميائية,氯丁橡胶,https://detail.1688.com/offer/709370177968.html
797000834019,مطاط ستيرين بوتادين SBR1502 SBR1712 مطاط صناعي,Styrene Butadiene Rubber SBR1502 SBR1712 Synthetic Rubber,橡塑,مواد كيميائية,合成橡胶,https://detail.1688.com/offer/797000834019.html
