رقم المنتج في 1688,اسم المنتج,القسم,التصنيف الفرعي,أقل سعر (ر.س),أعلى سعر (ر.س),رابط المنتج في 1688
1077391805321,صمام كهربائي صناعي PARKER 341L9534 للتحكم في السوائل,أدوات ومعدات,صمامات الملف اللولبي,70.87,70.87,https://detail.1688.com/offer/1077391805321.html
1077445669014,صمام كروي من النحاس الأصفر مع فلتر شبكي من الستانلس ستيل Y نوع,أدوات ومعدات,صمامات كروية,21.62,23.79,https://detail.1688.com/offer/1077445669014.html
1077975625567,"صمام كهرومغناطيسي ASV موديل 69275 بجسم PTFE مقاس 3/4"" NC مغلق عادة",أدوات ومعدات,صمامات أخرى,267.17,641.7,https://detail.1688.com/offer/1077975625567.html
1077978005910,صمام أمان زاوية مستقيمة TYP10.1 0.38 بار,أدوات ومعدات,صمامات أخرى,267.17,641.7,https://detail.1688.com/offer/1077978005910.html
1077987753159,صمام تخفيض ضغط صحي دقيق Typ 70 SKS من ألمانيا,أدوات ومعدات,صمامات أخرى,267.17,641.7,https://detail.1688.com/offer/1077987753159.html
1078077644928,صمام كروي نحاسي عالي الضغط مع وصلات مزدوجة PPR,أدوات ومعدات,صمامات كروية,20.89,23.79,https://detail.1688.com/offer/1078077644928.html
1078125824882,صمام كهرومغناطيسي مضاد للانفجار ASCO موديل BA4524G00061,أدوات ومعدات,صمامات أخرى,267.17,641.7,https://detail.1688.com/offer/1078125824882.html
1078126440753,صمام كهرومغناطيسي مضاد للانفجار ASCO موديلات G551B401MO و 8551B401MO,أدوات ومعدات,صمامات أخرى,267.17,641.7,https://detail.1688.com/offer/1078126440753.html
1078135656770,صمام كهرومغناطيسي ASCO موديلات VCEFCMG551H401MO/H402MO/417MO/VCEFCM8551G401MO/301,أدوات ومعدات,صمامات أخرى,267.17,641.7,https://detail.1688.com/offer/1078135656770.html
1078194617791,صمام كهربائي هوائي 4V210-08 ثنائي الاتجاه وخمسة منافذ,أدوات ومعدات,صمامات الملف اللولبي,21.05,59.12,https://detail.1688.com/offer/1078194617791.html
1078893128493,صمام كهرومغناطيسي ODE إيطالي 21A1KV للضاغط والمشروبات,أدوات ومعدات,صمامات الملف اللولبي,267.17,1227.59,https://detail.1688.com/offer/1078893128493.html
1078974396986,صمام كهرومغناطيسي AVENTICS موديلات 0820060026/0820060126/0820060101,أدوات ومعدات,صمامات كروية,267.17,641.7,https://detail.1688.com/offer/1078974396986.html
1081133172826,عربة أطفال من الخيزران والروطان قابلة للطي للجلوس والاستلقاء,ألعاب,عربات أطفال,116.56,169.42,https://detail.1688.com/offer/1081133172826.html
1081144296571,عربة أطفال دوارة مع عصا دفع للأطفال من عمر 1-3 سنوات,ألعاب,دراجة توازن,158.36,222.65,https://detail.1688.com/offer/1081144296571.html
1081144412614,عربة أطفال قابلة للجلوس والاستلقاء خفيفة الوزن بعجلات رباعية,ألعاب,عربات أطفال,105.44,126.72,https://detail.1688.com/offer/1081144412614.html
1081144796513,دراجة ثلاثية للأطفال من رياض الأطفال مع دواسات,ألعاب,دراجات ثلاثية للأطفال,76.09,369.14,https://detail.1688.com/offer/1081144796513.html
1050638594565,قناع نصف وجه واقي من الغبار والسموم 3M3270 مطاطي,السلامة والحماية,أقنعة الغاز,65.2,65.2,https://detail.1688.com/offer/1050638594565.html
1052492053960,فلتر قناع واقي من الغازات M1000 لحماية من الغبار والمواد الكيميائية,السلامة والحماية,أقنعة الغاز,11.61,169.52,https://detail.1688.com/offer/1052492053960.html
1058826212225,كمامة حماية FFP3 مع صمام تنفس معتمدة CE,السلامة والحماية,أقنعة الغبار,705.87,705.87,https://detail.1688.com/offer/1058826212225.html
1061153189805,كمامة واقية مع صمام تنفس لحماية من الغبار الصناعي,السلامة والحماية,حماية تنفسية أخرى,11.47,30.62,https://detail.1688.com/offer/1061153189805.html
1061169437209,كمامة واقية من الغبار مع صمام تنفسي لحماية الأنف والفم,السلامة والحماية,حماية تنفسية أخرى,11.47,30.62,https://detail.1688.com/offer/1061169437209.html
1073499999190,قناع أنف إسفنجي مضاد للغبار والتنفس سهل التنظيف,السلامة والحماية,حماية تنفسية أخرى,3.71,17.77,https://detail.1688.com/offer/1073499999190.html
1073734424461,قناع واقي كامل مع فلتر رقم 3 لحماية من الغازات العضوية والفورمالديهايد,السلامة والحماية,أقنعة الغاز,14.51,128.7,https://detail.1688.com/offer/1073734424461.html
1074336066540,قناع أنف إسفنجي مضاد للغبار قابل للغسل والتنفس,السلامة والحماية,حماية تنفسية أخرى,0.14,0.14,https://detail.1688.com/offer/1074336066540.html
1074344162351,كمامة أنف إسفنجية مضادة للغبار والتنفس سهلة التنظيف,السلامة والحماية,حماية تنفسية أخرى,0.14,0.14,https://detail.1688.com/offer/1074344162351.html
1075358605633,قناع أنف واقي من الغبار إسفنجي شفاف قابل للغسل والتنفس,السلامة والحماية,حماية تنفسية أخرى,3.63,17.77,https://detail.1688.com/offer/1075358605633.html
1075360097681,قناع أنف إسفنجي مضاد للغبار قابل للغسل والتنفس,السلامة والحماية,حماية تنفسية أخرى,3.63,17.77,https://detail.1688.com/offer/1075360097681.html
1075360097716,قناع أنف إسفنجي مضاد للغبار قابل للغسل والتنفس,السلامة والحماية,حماية تنفسية أخرى,0.14,0.14,https://detail.1688.com/offer/1075360097716.html
1075367450025,واقي وجه مطبخ ضد رذاذ الزيت لطهي الطعام,السلامة والحماية,واقي الوجه,0.95,0.95,https://detail.1688.com/offer/1075367450025.html
1075369125416,قناع أنف واقي من الغبار إسفنجي شفاف قابل للغسل والتنفس,السلامة والحماية,حماية تنفسية أخرى,3.63,17.77,https://detail.1688.com/offer/1075369125416.html
1076343968953,قناع أنف إسفنجي مضاد للغبار والتنفس سهل التنظيف,السلامة والحماية,حماية تنفسية أخرى,3.63,17.77,https://detail.1688.com/offer/1076343968953.html
1076352100663,غطاء أنف إسفنجي مضاد للغبار والتنفس سهل التنظيف,السلامة والحماية,حماية تنفسية أخرى,3.63,17.77,https://detail.1688.com/offer/1076352100663.html
1076368544235,كمامة أنف إسفنجية مضادة للغبار والتنفس سهلة التنظيف,السلامة والحماية,حماية تنفسية أخرى,0.14,0.14,https://detail.1688.com/offer/1076368544235.html
1073120361538,ملصق حائط ثلاثي الأبعاد ملهم ودافئ لغرفة النوم والصالة,المنسوجات والديكور المنزلي,ملصقات حائط,14.37,14.37,https://detail.1688.com/offer/1073120361538.html
1073529980819,ملصق حائط تحفيزي كرتوني لتزيين المكتب,المنسوجات والديكور المنزلي,ملصقات حائط,49.36,232.86,https://detail.1688.com/offer/1073529980819.html
1073529980822,ملصقات حائط تعبيرات كرتونية لتزيين المكاتب وغرف الاجتماعات,المنسوجات والديكور المنزلي,ملصقات حائط,29.25,137.28,https://detail.1688.com/offer/1073529980822.html
1074054611719,ورق جدران أبيض مقاوم للماء والرطوبة ذاتي اللصق لغرفة النوم,المنسوجات والديكور المنزلي,ملصقات حائط,1.98,27.39,https://detail.1688.com/offer/1074054611719.html
1074343962086,زينة معلقة دائرية بتصميم القمر والجبال,المنسوجات والديكور المنزلي,ملصقات حائط,0.1,0.47,https://detail.1688.com/offer/1074343962086.html
1074916631379,ورق جدران أبيض لاصق مقاوم للماء والرطوبة لغرف النوم,المنسوجات والديكور المنزلي,ملصقات حائط,6.89,58.5,https://detail.1688.com/offer/1074916631379.html
1075780966229,ملصق حائط شجرة كرتونية لقياس الطول لغرف الأطفال والمدارس,المنسوجات والديكور المنزلي,ملصقات حائط,5.71,14.74,https://detail.1688.com/offer/1075780966229.html
1076808025724,ملصق قياس الطول الشفاف للأطفال بدقة عالية,المنسوجات والديكور المنزلي,ملصقات حائط,3.12,3.12,https://detail.1688.com/offer/1076808025724.html
1076808185726,ملصقات زجاجية للباب بزخارف أرنب كرتونية للديكور,المنسوجات والديكور المنزلي,ملصقات حائط,7.18,298.64,https://detail.1688.com/offer/1076808185726.html
1077765416193,ورق جدران لاصق مقاوم للماء والرطوبة لغرف النوم والسكن,المنسوجات والديكور المنزلي,ملصقات حائط,7.12,37.18,https://detail.1688.com/offer/1077765416193.html
1078890424270,ورق جدران لاصق مقاوم للماء والرطوبة بتصميم بلاط مزخرف,المنسوجات والديكور المنزلي,ملصقات حائط,36.78,232.49,https://detail.1688.com/offer/1078890424270.html
575109269729,ملصق حائط ثلاثي الأبعاد أكريليك للأطفال تصميم جزر الفجل,المنسوجات والديكور المنزلي,ملصقات حائط,25.39,69.44,https://detail.1688.com/offer/575109269729.html
1071786262004,سلم تدريب للسرعة لكرة القدم وكرة السلة,رياضة ونشاطات خارجية,معدات تدريب كرة القدم,0.87,21.03,https://detail.1688.com/offer/1071786262004.html
1074336895767,قفازات حارس مرمى كرة القدم للأطفال قابلة للتهوية,رياضة ونشاطات خارجية,قفازات حارس المرمى,30.51,30.51,https://detail.1688.com/offer/1074336895767.html
1074637255309,قفازات حارس المرمى Falcon مقاومة للانزلاق للمباريات,رياضة ونشاطات خارجية,قفازات حارس المرمى,34.88,38.75,https://detail.1688.com/offer/1074637255309.html
1074861341899,قفازات حارس المرمى لكرة القدم للكبار والأطفال مع حماية الأصابع,رياضة ونشاطات خارجية,قفازات حارس المرمى,25.13,25.65,https://detail.1688.com/offer/1074861341899.html
1076228785039,قفازات حارس مرمى مارتيز فالكون للأطفال والكبار,رياضة ونشاطات خارجية,قفازات حارس المرمى,34.84,36.19,https://detail.1688.com/offer/1076228785039.html
1076518061720,قفازات حارس المرمى مع حماية الأصابع مقاومة للانزلاق ومتينة,رياضة ونشاطات خارجية,قفازات حارس المرمى,31.17,44.43,https://detail.1688.com/offer/1076518061720.html
1076525585356,قفازات حارس مرمى كرة القدم مقاومة للانزلاق ومبطنة,رياضة ونشاطات خارجية,قفازات حارس المرمى,31.69,35.23,https://detail.1688.com/offer/1076525585356.html
1076935972774,قفازات حارس مرمى من اللاتكس للأطفال والكبار مع تهوية وسماكة إضافية,رياضة ونشاطات خارجية,قفازات حارس المرمى,24.75,37.88,https://detail.1688.com/offer/1076935972774.html
1076938960679,قفازات حارس مرمى كرة القدم للكبار والأطفال مع حماية الأصابع,رياضة ونشاطات خارجية,قفازات حارس المرمى,25.13,25.65,https://detail.1688.com/offer/1076938960679.html
1077220820416,قفازات حارس مرمى كرة القدم للكبار والأطفال مع حماية الأصابع,رياضة ونشاطات خارجية,قفازات حارس المرمى,25.13,25.65,https://detail.1688.com/offer/1077220820416.html
1077868729712,معدات تدريب كرة السلة للأطفال لتعزيز اللياقة والرشاقة,رياضة ونشاطات خارجية,معدات تدريب كرة القدم,127.84,387.48,https://detail.1688.com/offer/1077868729712.html
1077915099114,قفازات حارس مرمى كرة القدم للأطفال والكبار مقاومة للاحتكاك,رياضة ونشاطات خارجية,قفازات حارس المرمى,17.17,19.08,https://detail.1688.com/offer/1077915099114.html
1078761510981,قفازات حارس مرمى كرة القدم للبالغين مقاومة للتآكل وجيدة التهوية,رياضة ونشاطات خارجية,قفازات حارس المرمى,14.6,16.22,https://detail.1688.com/offer/1078761510981.html
1078770870451,قفازات حارس مرمى كرة القدم مقاومة للاحتكاك وغير قابلة للانزلاق,رياضة ونشاطات خارجية,قفازات حارس المرمى,16.99,27.21,https://detail.1688.com/offer/1078770870451.html
1078862572984,قفازات حارس مرمى كرة القدم مقاومة للانزلاق ومضادة للتآكل,رياضة ونشاطات خارجية,قفازات حارس المرمى,157.34,264.58,https://detail.1688.com/offer/1078862572984.html
1078880280237,قفازات حارس مرمى كرة القدم للأطفال والكبار مع حماية الأصابع,رياضة ونشاطات خارجية,قفازات حارس المرمى,84.2,97.16,https://detail.1688.com/offer/1078880280237.html
1080832036168,قفازات حارس المرمى مع حماية الأصابع مقاومة للاحتكاك وغير قابلة للانزلاق,رياضة ونشاطات خارجية,قفازات حارس المرمى,31.17,44.43,https://detail.1688.com/offer/1080832036168.html
1077452438515,قميص داخلي للأطفال من القطن السميك بدون درزات مريحة ودافئة,ملابس أطفال,صدريات وتوبات أطفال,15.09,15.09,https://detail.1688.com/offer/1077452438515.html
1077529940674,قميص داخلي قطني للأطفال حديثي الولادة لحماية البطن,ملابس أطفال,صدريات وتوبات أطفال,9.28,9.28,https://detail.1688.com/offer/1077529940674.html
1077590749975,قميص داخلي قطني للأطفال حديثي الولادة بدون أكمام بطبعة لطيفة,ملابس أطفال,صدريات وتوبات أطفال,24.6,24.6,https://detail.1688.com/offer/1077590749975.html
1077598857200,طقم بناتي صيفي عصري من قميص بدون أكمام وبنطلون واسع الساق,ملابس أطفال,صدريات وتوبات أطفال,38.44,38.44,https://detail.1688.com/offer/1077598857200.html
1077740934928,قميص صبيان بدون أكمام بطبعة حروف صيفي,ملابس أطفال,صدريات وتوبات أطفال,10.52,10.52,https://detail.1688.com/offer/1077740934928.html
1077754576688,بلوزة صيفية بدون أكمام للبنات بنمط كوري خفيف 2026,ملابس أطفال,صدريات وتوبات أطفال,36.19,36.19,https://detail.1688.com/offer/1077754576688.html
1078644452093,قميص داخلي للأطفال بدون أكمام للشتاء والربيع,ملابس أطفال,صدريات وتوبات أطفال,24.6,24.6,https://detail.1688.com/offer/1078644452093.html
1079068649044,قميص داخلي صيفي عصري للأطفال من القطن بدون أكمام,ملابس أطفال,صدريات وتوبات أطفال,10.52,10.52,https://detail.1688.com/offer/1079068649044.html
1079347545277,قميص داخلي بدون أكمام للأطفال بتصميم عصري صيفي,ملابس أطفال,صدريات وتوبات أطفال,10.52,10.52,https://detail.1688.com/offer/1079347545277.html
1079543569526,بلوزة جينز صيفية للبنات بحمالات قابلة للتعديل,ملابس أطفال,صدريات وتوبات أطفال,26.1,26.1,https://detail.1688.com/offer/1079543569526.html
1080550584639,صدرية جينز للبنات بحمالات قابلة للتعديل بتصميم قصير,ملابس أطفال,صدريات وتوبات أطفال,26.1,26.1,https://detail.1688.com/offer/1080550584639.html
1077416985568,قميص داخلي ناعم بدون خياطة للبنات في مرحلة النمو,ملابس داخلية,صدريات للبنات,13.72,13.72,https://detail.1688.com/offer/1077416985568.html
1078780568390,بلوزة داخلية نسائية دافئة بتصميم نحيف مع حشوة صدر,ملابس داخلية,قمصان نسائية بدون أكمام,28.29,53.76,https://detail.1688.com/offer/1078780568390.html
1078202968834,قميص داخلي نسائي بحمالات مع حمالة صدر مدمجة من الحرير الصناعي,ملابس نسائية,القمصان الداخلية والبلوزات,22.92,28.15,https://detail.1688.com/offer/1078202968834.html
1078273477812,بلوزة نسائية قصيرة مودال بحمالات رفيعة,ملابس نسائية,القمصان الداخلية والبلوزات,11.28,18.11,https://detail.1688.com/offer/1078273477812.html
1078275985750,صدرية حمالة كتف صيفية مع حشوة رقيقة وثابتة بدون أثر,ملابس نسائية,القمصان الداخلية والبلوزات,13.92,24.35,https://detail.1688.com/offer/1078275985750.html
1079080476255,بلوزة صيفية نسائية بحمالات دانتيل مع حشوة صدر,ملابس نسائية,القمصان الداخلية والبلوزات,32.72,62.02,https://detail.1688.com/offer/1079080476255.html
